Order ID,Category,Sub-Category,PaymentMode,City,Category2,City3,Amount,Profit,Quantity,,,,,,,,,,
B-25681,Electronics,Electronic Games,COD,Mathura,Electronics,Mathura,1096,658,7,,,,,,,,,,
B-26055,Furniture,Chairs,EMI,Delhi,Furniture,Delhi,5729,64,14,,,,,,,,,,
B-25955,Furniture,Bookcases,EMI,Mathura,Furniture,Mathura,2927,146,8,,,,,,,,Amount,Profit,Quantity
B-26093,Electronics,Printers,Credit Card,Mumbai,Electronics,Mumbai,2847,712,8,,,,,,,Sum,205566,18516,1985
B-25602,Electronics,Phones,Credit Card,Indore,Electronics,Indore,2617,1151,4,,Categories,Amount,Profit,Quantity,,Avarage,411.9559118,37.032,3.97
B-25881,Clothing,Trousers,Credit Card,Prayagraj,Clothing,Prayagraj,2244,247,4,,Electronics,86711,5124,518,,Median,246,7.5,3
B-25696,Clothing,Saree,COD,Pune,Clothing,Pune,275,-275,4,,Furniture,63977,8416,355,,Max,5729,1864,14
B-25687,Clothing,Saree,UPI,Pune,Clothing,Pune,387,-213,5,,Clothing,54852,4965,1110,,Min,6,-916,1
B-25643,Clothing,Hankerchief,UPI,Hyderabad,Clothing,Hyderabad,50,-44,2,,,,,,,Count,499,500,500
B-25851,Clothing,Kurti,COD,Pune,Clothing,Pune,135,-54,5,,,,,,,,,,
B-25703,Clothing,Hankerchief,COD,Mumbai,Clothing,Mumbai,231,-190,9,,,,,,,,,,
B-25887,Electronics,Printers,EMI,Surat,Electronics,Surat,2125,-234,6,,,86711,5124,518,,aotuFill Funcitons,,,
B-25923,Electronics,Phones,Credit Card,Mumbai,Electronics,Mumbai,3873,-891,6,,,63977,8416,355,,,,,
B-25756,Furniture,Bookcases,UPI,Pune,Furniture,Pune,729,-492,5,,,54852,4965,1110,,,,,
B-25761,Furniture,Bookcases,Credit Card,Mathura,Furniture,Mathura,2188,1050,5,,,,,,,Sum,205566,18516,1985
B-25655,Clothing,Hankerchief,UPI,Mathura,Clothing,Mathura,6,-3,1,,,,,,,Avarage,411.9559118,37.032,3.97
B-25786,Furniture,Bookcases,Credit Card,Prayagraj,Furniture,Prayagraj,1854,433,5,,48543,0,0,,,Median,246,7.5,3
B-26095,Clothing,Kurti,UPI,Mumbai,Clothing,Mumbai,6,1,1,,,,,,,Max,5729,1864,14
B-25853,Furniture,Chairs,Credit Card,Ahmedabad,Furniture,Ahmedabad,2093,721,5,,,,,,,Min,6,-916,1
B-25735,Clothing,Skirt,UPI,Patna,Clothing,Patna,7,-1,2,,,,,,,Count,499,500,500
B-25910,Furniture,Tables,Credit Card,Simla,Furniture,Simla,1622,-624,5,,,,,,,,,,
B-25950,Electronics,Printers,Credit Card,Mathura,Electronics,Mathura,1622,95,5,,,,,,,,,,
B-25744,Electronics,Printers,UPI,Simla,Electronics,Simla,373,254,6,,,,,,,,,,
B-25845,Clothing,Kurti,COD,Chandigarh,Clothing,Chandigarh,82,-33,4,,,,,,,,,,
B-26001,Clothing,Skirt,UPI,Bhopal,Clothing,Bhopal,8,2,2,,,,,,,,,,
B-25830,Electronics,Phones,Credit Card,Thiruvananthapuram,Electronics,Thiruvananthapuram,1954,782,3,,,,,,,,,,
B-25842,Electronics,Printers,Credit Card,Mumbai,Electronics,Mumbai,1543,370,8,,,,,,,,,,
B-25778,Electronics,Printers,Credit Card,Kohima,Electronics,Kohima,1506,-266,6,,,,,,,,,,
B-25686,Furniture,Tables,Credit Card,Indore,Furniture,Indore,1829,-56,6,,,,,,,,,,
B-25754,Clothing,Skirt,UPI,Bhopal,Clothing,Bhopal,9,-1,3,,,,,,,,,,
B-26048,Furniture,Tables,EMI,Indore,Furniture,Indore,1461,202,5,,,,,,,,,,
B-25816,Clothing,Stole,COD,Pune,Clothing,Pune,391,113,8,,,,,,,,,,
B-26022,Electronics,Phones,Credit Card,Delhi,Electronics,Delhi,1824,1303,8,,,,,,,,,,
B-25883,Clothing,Hankerchief,UPI,Indore,Clothing,Indore,16,-15,4,,,,,,,,,,
B-26003,Furniture,Tables,Credit Card,Chandigarh,Furniture,Chandigarh,1745,122,2,,,,,,,,,,
B-26097,Electronics,Printers,UPI,Udaipur,Electronics,Udaipur,663,-212,5,,,,,,,,,,
B-25710,Clothing,Leggings,UPI,Bangalore,Clothing,Bangalore,10,-1,1,,,,,,,,,,
B-25797,Furniture,Tables,EMI,Thiruvananthapuram,Furniture,Thiruvananthapuram,1630,802,5,,,,,,,,,,
B-25618,Clothing,Hankerchief,UPI,Bhopal,Clothing,Bhopal,12,0,2,,,,,,,,,,
B-25723,Clothing,Leggings,UPI,Ahmedabad,Clothing,Ahmedabad,12,-7,2,,,,,,,,,,
B-25755,Clothing,Trousers,Credit Card,Pune,Clothing,Pune,1709,564,3,,,,,,,,,,
B-25788,Clothing,Stole,UPI,Indore,Clothing,Indore,12,3,1,,,,,,,,,,
B-25681,Electronics,Phones,EMI,Mumbai,Electronics,Mumbai,1625,-77,3,,,,,,,,,,
B-25991,Clothing,Hankerchief,UPI,Lucknow,Clothing,Lucknow,13,5,2,,,,,,,,,,
B-25779,Furniture,Tables,COD,Chandigarh,Furniture,Chandigarh,1361,980,3,,,,,,,,,,
B-25909,Electronics,Phones,EMI,Pune,Electronics,Pune,1622,-448,3,,,,,,,,,,
B-25943,Electronics,Accessories,EMI,Indore,Electronics,Indore,1547,340,6,,,,,,,,,,
B-25935,Furniture,Chairs,Credit Card,Pune,Furniture,Pune,1657,460,4,,,,,,,,,,
B-25613,Clothing,Saree,Credit Card,Chennai,Clothing,Chennai,1603,0,9,,,,,,,,,,
B-25729,Electronics,Phones,Credit Card,Indore,Electronics,Indore,1549,-439,4,,,,,,,,,,
B-25772,Electronics,Printers,EMI,Pune,Electronics,Pune,1183,106,4,,,,,,,,,,
B-25655,Clothing,Skirt,UPI,Bhopal,Clothing,Bhopal,74,-123,8,,,,,,,,,,
B-25640,Clothing,Saree,Credit Card,Kolkata,Clothing,Kolkata,1499,239,13,,,,,,,,,,
B-25810,Clothing,Saree,EMI,Kohima,Clothing,Kohima,1120,199,6,,,,,,,,,,
B-25801,Clothing,T-shirt,Debit Card,Bhopal,Clothing,Bhopal,15,-2,1,,,,,,,,,,
B-26085,Clothing,Trousers,Credit Card,Indore,Clothing,Indore,1487,624,3,,,,,,,,,,
B-25868,Furniture,Tables,Credit Card,Delhi,Furniture,Delhi,1118,206,2,,,,,,,,,,
B-25714,Clothing,Hankerchief,COD,Thiruvananthapuram,Clothing,Thiruvananthapuram,11,-5,2,,,,,,,,,,
B-25784,Clothing,Hankerchief,Debit Card,Bangalore,Clothing,Bangalore,15,4,1,,,,,,,,,,
B-25608,Furniture,Tables,Credit Card,Kashmir,Furniture,Kashmir,1364,1864,5,,,,,,,,,,
B-26051,Electronics,Printers,Credit Card,Pune,Electronics,Pune,1337,147,7,,,,,,,,,,
B-25900,Clothing,Leggings,Debit Card,Ahmedabad,Clothing,Ahmedabad,15,2,1,,,,,,,,,,
B-25760,Electronics,Printers,UPI,Indore,Electronics,Indore,322,-193,5,,,,,,,,,,
B-25762,Electronics,Electronic Games,Credit Card,Hyderabad,Electronics,Hyderabad,1316,527,7,,,,,,,,,,
B-25995,Furniture,Bookcases,Credit Card,Pune,Furniture,Pune,1314,342,3,,,,,,,,,,
B-25965,Clothing,Hankerchief,Debit Card,Jaipur,Clothing,Jaipur,17,7,3,,,,,,,,,,
B-25967,Clothing,Skirt,Debit Card,Kolkata,Clothing,Kolkata,17,2,2,,,,,,,,,,
B-25674,Clothing,Skirt,Debit Card,Amritsar,Clothing,Amritsar,17,-12,5,,,,,,,,,,
B-25929,Furniture,Bookcases,Credit Card,Mumbai,Furniture,Mumbai,1308,536,3,,,,,,,,,,
B-25777,Electronics,Printers,Credit Card,Hyderabad,Electronics,Hyderabad,1076,-38,4,,,,,,,,,,
B-26006,Electronics,Accessories,Credit Card,Patna,Electronics,Patna,1301,573,5,,,,,,,,,,
B-25697,Electronics,Printers,Credit Card,Indore,Electronics,Indore,1300,-16,8,,,,,,,,,,
B-25667,Clothing,Hankerchief,COD,Jaipur,Clothing,Jaipur,11,-2,4,,,,,,,,,,
B-25836,Electronics,Printers,EMI,Surat,Electronics,Surat,1298,65,9,,,,,,,,,,
B-25984,Clothing,Stole,UPI,Bhopal,Clothing,Bhopal,304,97,6,,,,,,,,,,
B-25728,Electronics,Printers,EMI,Chandigarh,Electronics,Chandigarh,1055,264,4,,,,,,,,,,
B-25757,Clothing,Skirt,Debit Card,Goa,Clothing,Goa,17,-13,4,,,,,,,,,,
B-25957,Clothing,Stole,COD,Chandigarh,Clothing,Chandigarh,147,73,3,,,,,,,,,,
B-26061,Electronics,Printers,COD,Mumbai,Electronics,Mumbai,965,-68,3,,,,,,,,,,
B-25735,Clothing,Hankerchief,COD,Chandigarh,Clothing,Chandigarh,12,-2,3,,,,,,,,,,
B-25616,Clothing,Hankerchief,UPI,Patna,Clothing,Patna,14,-2,3,,,,,,,,,,
B-25666,Electronics,Electronic Games,COD,Indore,Electronics,Indore,934,-916,7,,,,,,,,,,
B-25675,Clothing,Saree,COD,Chandigarh,Clothing,Chandigarh,929,-93,9,,,,,,,,,,
B-26079,Clothing,Hankerchief,Debit Card,Mumbai,Clothing,Mumbai,18,3,2,,,,,,,,,,
B-25850,Electronics,Phones,COD,Kashmir,Electronics,Kashmir,916,192,11,,,,,,,,,,
B-25693,Clothing,Hankerchief,COD,Pune,Clothing,Pune,76,-72,9,,,,,,,,,,
B-25852,Furniture,Tables,COD,Mumbai,Furniture,Mumbai,869,67,4,,,,,,,,,,
B-25860,Clothing,Kurti,COD,Chandigarh,Clothing,Chandigarh,112,24,3,,,,,,,,,,
B-25853,Clothing,Skirt,UPI,Bhopal,Clothing,Bhopal,39,16,6,,,,,,,,,,
B-25898,Furniture,Tables,COD,Lucknow,Furniture,Lucknow,857,-274,2,,,,,,,,,,
B-26100,Furniture,Chairs,COD,Indore,Furniture,Indore,828,230,2,,,,,,,,,,
B-25653,Electronics,Printers,EMI,Indore,Electronics,Indore,1279,-640,8,,,,,,,,,,
B-25839,Clothing,Saree,EMI,Mumbai,Clothing,Mumbai,1250,486,7,,,,,,,,,,
B-25651,Furniture,Chairs,COD,Indore,Furniture,Indore,823,-18,7,,,,,,,,,,
B-25957,Furniture,Bookcases,Credit Card,Chandigarh,Furniture,Chandigarh,1157,-13,9,,,,,,,,,,
B-25704,Electronics,Accessories,UPI,Bhopal,Electronics,Bhopal,126,-63,3,,,,,,,,,,
B-25730,Electronics,Phones,Credit Card,Mumbai,Electronics,Mumbai,1145,-706,3,,,,,,,,,,
B-26052,Electronics,Accessories,COD,Udaipur,Electronics,Udaipur,774,170,3,,,,,,,,,,
B-25656,Clothing,Hankerchief,COD,Goa,Clothing,Goa,24,-1,2,,,,,,,,,,
B-26033,Electronics,Accessories,COD,Udaipur,Electronics,Udaipur,774,170,3,,,,,,,,,,
B-25850,Clothing,Hankerchief,COD,Mumbai,Clothing,Mumbai,93,-1,2,,,,,,,,,,
B-25945,Electronics,Electronic Games,COD,Indore,Electronics,Indore,765,-36,3,,,,,,,,,,
B-26086,Electronics,Printers,COD,Ahmedabad,Electronics,Ahmedabad,762,101,6,,,,,,,,,,
B-25752,Electronics,Electronic Games,COD,Bangalore,Electronics,Bangalore,761,266,9,,,,,,,,,,
B-26098,Clothing,Leggings,UPI,Pune,Clothing,Pune,96,-48,5,,,,,,,,,,
B-26067,Electronics,Printers,EMI,Bhopal,Electronics,Bhopal,1137,-14,7,,,,,,,,,,
B-25730,Clothing,Hankerchief,Debit Card,Delhi,Clothing,Delhi,18,8,2,,,,,,,,,,
B-25986,Furniture,Furnishings,COD,Hyderabad,Furniture,Hyderabad,749,-307,7,,,,,,,,,,
B-26067,Clothing,Saree,EMI,Delhi,Clothing,Delhi,1120,199,6,,,,,,,,,,
B-25953,Electronics,Printers,COD,Prayagraj,Electronics,Prayagraj,744,119,6,,,,,,,,,,
B-25952,Clothing,Hankerchief,UPI,Hyderabad,Clothing,Hyderabad,14,0,4,,,,,,,,,,
B-25903,Clothing,Hankerchief,Debit Card,Chandigarh,Clothing,Chandigarh,19,8,2,,,,,,,,,,
B-25650,Clothing,Saree,COD,Kohima,Clothing,Kohima,512,-225,5,,,,,,,,,,
B-25970,Furniture,Bookcases,COD,Indore,Furniture,Indore,742,198,2,,,,,,,,,,
B-26062,Clothing,Stole,COD,Indore,Clothing,Indore,44,-40,3,,,,,,,,,,
B-25643,Furniture,Bookcases,EMI,Amritsar,Furniture,Amritsar,1061,-36,8,,,,,,,,,,
B-25632,Clothing,Leggings,Debit Card,Lucknow,Clothing,Lucknow,19,-2,2,,,,,,,,,,
B-25821,Clothing,Hankerchief,COD,Patna,Clothing,Patna,17,0,1,,,,,,,,,,
B-25878,Furniture,Bookcases,COD,Kolkata,Furniture,Kolkata,741,267,5,,,,,,,,,,
B-25752,Electronics,Printers,COD,Bangalore,Electronics,Bangalore,735,-235,6,,,,,,,,,,
B-25750,Clothing,Shirt,Debit Card,Delhi,Clothing,Delhi,19,-1,1,,,,,,,,,,
B-25657,Electronics,Electronic Games,EMI,Ahmedabad,Electronics,Ahmedabad,1021,-48,4,,,,,,,,,,
B-25787,Clothing,Saree,COD,Pune,Clothing,Pune,556,-209,7,,,,,,,,,,
B-25808,Clothing,Leggings,COD,Indore,Clothing,Indore,63,-17,6,,,,,,,,,,
B-25885,Furniture,Chairs,COD,Indore,Furniture,Indore,734,248,2,,,,,,,,,,
B-25778,Clothing,Saree,Credit Card,Chandigarh,Clothing,Chandigarh,933,166,5,,,,,,,,,,
B-25759,Clothing,Hankerchief,Debit Card,Thiruvananthapuram,Clothing,Thiruvananthapuram,20,-9,6,,,,,,,,,,
B-25747,Furniture,Bookcases,Credit Card,Mumbai,Furniture,Mumbai,877,395,2,,,,,,,,,,
B-25878,Furniture,Chairs,COD,Kolkata,Furniture,Kolkata,719,303,6,,,,,,,,,,
B-25603,Clothing,Hankerchief,COD,Mumbai,Clothing,Mumbai,12,1,2,,,,,,,,,,
B-25691,Clothing,Saree,COD,Mumbai,Clothing,Mumbai,714,56,4,,,,,,,,,,
B-25607,Clothing,Leggings,COD,Thiruvananthapuram,Clothing,Thiruvananthapuram,50,-15,4,,,,,,,,,,
B-25708,Electronics,Phones,COD,Indore,Electronics,Indore,709,-100,5,,,,,,,,,,
B-26021,Clothing,Hankerchief,Debit Card,Indore,Clothing,Indore,21,-12,3,,,,,,,,,,
B-25831,Clothing,Saree,COD,Mumbai,Clothing,Mumbai,693,254,6,,,,,,,,,,
B-25850,Clothing,Hankerchief,COD,Indore,Clothing,Indore,24,1,4,,,,,,,,,,
B-25670,Clothing,Hankerchief,UPI,Mumbai,Clothing,Mumbai,24,1,2,,,,,,,,,,
B-25852,Clothing,Hankerchief,COD,Gangtok,Clothing,Gangtok,24,1,2,,,,,,,,,,
B-26029,Clothing,T-shirt,Debit Card,Indore,Clothing,Indore,21,10,1,,,,,,,,,,
B-25959,Furniture,Chairs,COD,Gangtok,Furniture,Gangtok,681,259,4,,,,,,,,,,
B-25676,Furniture,Tables,COD,Mumbai,Furniture,Mumbai,674,-187,2,,,,,,,,,,
B-26097,Electronics,Electronic Games,COD,Mathura,Electronics,Mathura,671,-309,5,,,,,,,,,,
B-25888,Electronics,Electronic Games,COD,Indore,Electronics,Indore,646,-213,3,,,,,,,,,,
B-25911,Clothing,Kurti,COD,Delhi,Clothing,Delhi,40,15,1,,,,,,,,,,
B-25662,Clothing,T-shirt,COD,Bangalore,Clothing,Bangalore,24,-2,2,,,,,,,,,,
B-25950,Electronics,Printers,COD,Ahmedabad,Electronics,Ahmedabad,644,167,2,,,,,,,,,,
B-25847,Electronics,Printers,COD,Udaipur,Electronics,Udaipur,643,225,2,,,,,,,,,,
B-25796,Clothing,Saree,COD,Goa,Clothing,Goa,632,-316,6,,,,,,,,,,
B-25693,Clothing,Saree,COD,Simla,Clothing,Simla,632,316,6,,,,,,,,,,
B-25993,Electronics,Printers,COD,Amritsar,Electronics,Amritsar,610,208,3,,,,,,,,,,
B-26052,Clothing,Kurti,UPI,Hyderabad,Clothing,Hyderabad,78,-28,6,,,,,,,,,,
B-25930,Furniture,Bookcases,COD,Chandigarh,Furniture,Chandigarh,595,119,4,,,,,,,,,,
B-25785,Clothing,Saree,COD,Mumbai,Clothing,Mumbai,595,292,3,,,,,,,,,,
B-26093,Furniture,Bookcases,Credit Card,Mumbai,Furniture,Mumbai,852,51,5,,,,,,,,,,
B-26053,Furniture,Bookcases,COD,Chennai,Furniture,Chennai,594,89,3,,,,,,,,,,
B-26019,Clothing,T-shirt,COD,Kashmir,Clothing,Kashmir,585,175,13,,,,,,,,,,
B-26070,Furniture,Furnishings,COD,Mumbai,Furniture,Mumbai,582,262,5,,,,,,,,,,
B-25870,Clothing,Saree,Credit Card,Bhopal,Clothing,Bhopal,845,84,7,,,,,,,,,,
B-25855,Electronics,Printers,Credit Card,Mumbai,Electronics,Mumbai,829,19,4,,,,,,,,,,
B-25602,Clothing,Saree,COD,Indore,Clothing,Indore,561,212,3,,,,,,,,,,
B-25728,Electronics,Phones,Credit Card,Pune,Electronics,Pune,771,-424,2,,,,,,,,,,
B-25803,Clothing,Saree,EMI,Gangtok,Clothing,Gangtok,765,8,6,,,,,,,,,,
B-25996,Clothing,Hankerchief,COD,Indore,Clothing,Indore,31,2,2,,,,,,,,,,
B-26078,Electronics,Electronic Games,COD,Kolkata,Electronics,Kolkata,557,-111,2,,,,,,,,,,
B-25803,Electronics,Printers,Credit Card,Chandigarh,Electronics,Chandigarh,757,371,2,,,,,,,,,,
B-25682,Electronics,Phones,COD,Kashmir,Electronics,Kashmir,545,-73,11,,,,,,,,,,
B-25749,Furniture,Bookcases,UPI,Bangalore,Furniture,Bangalore,1052,-82,3,,,,,,,,,,
B-25962,Furniture,Bookcases,COD,Thiruvananthapuram,Furniture,Thiruvananthapuram,544,-152,3,,,,,,,,,,
B-25899,Clothing,Leggings,Debit Card,Delhi,Clothing,Delhi,22,9,2,,,,,,,,,,
B-25845,Electronics,Printers,Credit Card,Indore,Electronics,Indore,757,371,2,,,,,,,,,,
B-25951,Furniture,Bookcases,Credit Card,Mumbai,Furniture,Mumbai,742,198,2,,,,,,,,,,
B-25828,Clothing,Saree,COD,Kolkata,Clothing,Kolkata,537,107,3,,,,,,,,,,
B-25803,Clothing,Trousers,COD,Kashmir,Clothing,Kashmir,536,91,1,,,,,,,,,,
B-25656,Clothing,Hankerchief,COD,Patna,Clothing,Patna,6,3,1,,,,,,,,,,
B-25681,Clothing,Trousers,COD,Pune,Clothing,Pune,523,204,7,,,,,,,,,,
B-25658,Clothing,T-shirt,UPI,Indore,Clothing,Indore,27,9,2,,,,,,,,,,
B-25698,Furniture,Chairs,COD,Chandigarh,Furniture,Chandigarh,516,392,8,,,,,,,,,,
B-25832,Furniture,Bookcases,COD,Jaipur,Furniture,Jaipur,504,116,3,,,,,,,,,,
B-25886,Electronics,Phones,COD,Mumbai,Electronics,Mumbai,502,84,4,,,,,,,,,,
B-25897,Electronics,Electronic Games,Credit Card,Indore,Electronics,Indore,734,213,6,,,,,,,,,,
B-25873,Clothing,Kurti,COD,Patna,Clothing,Patna,42,12,2,,,,,,,,,,
B-25858,Clothing,Skirt,COD,Kashmir,Clothing,Kashmir,29,11,4,,,,,,,,,,
B-25867,Clothing,Kurti,UPI,Chennai,Clothing,Chennai,240,12,6,,,,,,,,,,
B-25633,Clothing,Trousers,COD,Udaipur,Clothing,Udaipur,496,-79,2,,,,,,,,,,
B-25609,Electronics,Electronic Games,COD,Mumbai,Electronics,Mumbai,485,29,4,,,,,,,,,,
B-25896,Clothing,Skirt,UPI,Kohima,Clothing,Kohima,31,-11,3,,,,,,,,,,
B-26000,Electronics,Printers,Credit Card,Udaipur,Electronics,Udaipur,676,151,3,,,,,,,,,,
B-25959,Clothing,Hankerchief,Debit Card,Prayagraj,Clothing,Prayagraj,23,8,2,,,,,,,,,,
B-25940,Clothing,Hankerchief,COD,Kashmir,Clothing,Kashmir,13,3,2,,,,,,,,,,
B-26087,Clothing,Stole,COD,Simla,Clothing,Simla,180,0,8,,,,,,,,,,
B-26055,Electronics,Phones,Credit Card,Mumbai,Electronics,Mumbai,671,114,9,,,,,,,,,,
B-25980,Clothing,Kurti,COD,Jaipur,Clothing,Jaipur,22,11,3,,,,,,,,,,
B-25653,Electronics,Printers,Credit Card,Lucknow,Electronics,Lucknow,668,-31,3,,,,,,,,,,
B-26052,Clothing,Saree,UPI,Indore,Clothing,Indore,145,0,3,,,,,,,,,,
B-25877,Clothing,Skirt,Debit Card,Mumbai,Clothing,Mumbai,24,8,2,,,,,,,,,,
B-25608,Furniture,Chairs,COD,Mumbai,Furniture,Mumbai,476,0,3,,,,,,,,,,
B-25897,Clothing,Hankerchief,Debit Card,Gangtok,Clothing,Gangtok,24,11,5,,,,,,,,,,
B-25881,Clothing,Hankerchief,COD,Mumbai,Clothing,Mumbai,37,3,3,,,,,,,,,,
B-25905,Clothing,Stole,UPI,Indore,Clothing,Indore,152,50,6,,,,,,,,,,
B-25818,Clothing,Leggings,UPI,Mumbai,Clothing,Mumbai,32,11,2,,,,,,,,,,
B-25835,Clothing,Leggings,COD,Delhi,Clothing,Delhi,52,11,5,,,,,,,,,,
B-26081,Clothing,Hankerchief,Debit Card,Indore,Clothing,Indore,24,11,3,,,,,,,,,,
B-25730,Furniture,Chairs,COD,Kolkata,Furniture,Kolkata,473,42,4,,,,,,,,,,
B-25837,Clothing,Stole,COD,Mumbai,Clothing,Mumbai,263,50,5,,,,,,,,,,
B-25893,Clothing,Kurti,COD,Bhopal,Clothing,Bhopal,61,11,3,,,,,,,,,,
B-25689,Electronics,Electronic Games,COD,Ahmedabad,Electronics,Ahmedabad,469,-459,3,,,,,,,,,,
B-26028,Electronics,Phones,COD,Pune,Electronics,Pune,1272,547,2,,,,,,,,,,
B-26081,Electronics,Accessories,COD,Bangalore,Electronics,Bangalore,169,0,3,,,,,,,,,,
B-25903,Clothing,Leggings,Debit Card,Thiruvananthapuram,Clothing,Thiruvananthapuram,25,11,3,,,,,,,,,,
B-25651,Clothing,Saree,COD,Bangalore,Clothing,Bangalore,457,-41,4,,,,,,,,,,
B-25903,Electronics,Accessories,COD,Bangalore,Electronics,Bangalore,455,77,8,,,,,,,,,,
B-26086,Clothing,Hankerchief,Debit Card,Patna,Clothing,Patna,25,2,2,,,,,,,,,,
B-25654,Electronics,Printers,COD,Bhopal,Electronics,Bhopal,450,-90,3,,,,,,,,,,
B-25720,Furniture,Chairs,COD,Kashmir,Furniture,Kashmir,30,-35,1,,,,,,,,,,
B-26057,Furniture,Bookcases,Credit Card,Mumbai,Furniture,Mumbai,659,-37,2,,,,,,,,,,
B-25798,Electronics,Printers,COD,Jaipur,Electronics,Jaipur,448,148,2,,,,,,,,,,
B-25961,Electronics,Printers,COD,Indore,Electronics,Indore,446,53,3,,,,,,,,,,
B-25701,Furniture,Chairs,UPI,Hyderabad,Furniture,Hyderabad,98,-45,2,,,,,,,,,,
B-26055,Clothing,Saree,COD,Goa,Clothing,Goa,443,11,1,,,,,,,,,,
B-25653,Electronics,Phones,COD,Surat,Electronics,Surat,427,-50,7,,,,,,,,,,
B-25670,Furniture,Bookcases,Credit Card,Mumbai,Furniture,Mumbai,656,-36,2,,,,,,,,,,
B-26056,Clothing,Saree,COD,Mumbai,Clothing,Mumbai,424,161,2,,,,,,,,,,
B-26061,Clothing,T-shirt,Debit Card,Kohima,Clothing,Kohima,27,8,2,,,,,,,,,,
B-25602,Electronics,Phones,COD,Mumbai,Electronics,Mumbai,424,-272,5,,,,,,,,,,
B-26016,Clothing,Hankerchief,COD,Kohima,Clothing,Kohima,202,4,4,,,,,,,,,,
B-25873,Electronics,Phones,UPI,Indore,Electronics,Indore,1275,357,2,,,,,,,,,,
B-25761,Electronics,Phones,COD,Hyderabad,Electronics,Hyderabad,418,70,7,,,,,,,,,,
B-25819,Electronics,Electronic Games,COD,Hyderabad,Electronics,Hyderabad,417,49,3,,,,,,,,,,
B-25853,Clothing,Stole,UPI,Kolkata,Clothing,Kolkata,199,48,4,,,,,,,,,,
B-25662,Furniture,Furnishings,UPI,Mumbai,Furniture,Mumbai,385,-77,11,,,,,,,,,,
B-25993,Electronics,Phones,COD,Ahmedabad,Electronics,Ahmedabad,414,199,3,,,,,,,,,,
B-25703,Clothing,Saree,COD,Indore,Clothing,Indore,97,-45,4,,,,,,,,,,
B-25848,Electronics,Electronic Games,Credit Card,Chandigarh,Electronics,Chandigarh,648,50,6,,,,,,,,,,
B-25678,Clothing,Shirt,Debit Card,Mumbai,Clothing,Mumbai,27,-25,2,,,,,,,,,,
B-25925,Clothing,Stole,Debit Card,Bangalore,Clothing,Bangalore,27,12,1,,,,,,,,,,
B-25977,Clothing,Stole,UPI,Delhi,Clothing,Delhi,27,1,1,,,,,,,,,,
B-25797,Furniture,Chairs,COD,Gangtok,Furniture,Gangtok,413,-314,9,,,,,,,,,,
B-26067,Clothing,Hankerchief,COD,Kohima,Clothing,Kohima,53,2,4,,,,,,,,,,
B-25810,Clothing,Hankerchief,UPI,Mumbai,Clothing,Mumbai,29,8,5,,,,,,,,,,
B-25648,Clothing,T-shirt,UPI,Bhopal,Clothing,Bhopal,30,13,1,,,,,,,,,,
B-25933,Clothing,Saree,COD,Delhi,Clothing,Delhi,412,412,6,,,,,,,,,,
B-25942,Electronics,Printers,Credit Card,Bangalore,Electronics,Bangalore,646,-23,2,,,,,,,,,,
B-25656,Clothing,Stole,UPI,Indore,Clothing,Indore,30,-5,5,,,,,,,,,,
B-26067,Furniture,Bookcases,Credit Card,Chennai,Furniture,Chennai,618,27,4,,,,,,,,,,
B-25673,Clothing,Saree,UPI,Goa,Clothing,Goa,143,-124,5,,,,,,,,,,
B-25797,Clothing,Hankerchief,UPI,Bangalore,Clothing,Bangalore,31,1,2,,,,,,,,,,
B-26098,Clothing,Saree,COD,Patna,Clothing,Patna,409,86,3,,,,,,,,,,
B-25656,Clothing,Saree,COD,Patna,Clothing,Patna,406,126,2,,,,,,,,,,
B-25791,Clothing,Saree,Credit Card,Jaipur,Clothing,Jaipur,565,66,7,,,,,,,,,,
B-26053,Clothing,Stole,COD,Lucknow,Clothing,Lucknow,85,2,6,,,,,,,,,,
B-25983,Furniture,Bookcases,Credit Card,Mumbai,Furniture,Mumbai,561,118,5,,,,,,,,,,
B-25743,Clothing,Trousers,COD,Kashmir,Clothing,Kashmir,503,-56,2,,,,,,,,,,
B-25867,Clothing,Stole,UPI,Simla,Clothing,Simla,31,14,3,,,,,,,,,,
B-25973,Clothing,Hankerchief,COD,Kohima,Clothing,Kohima,398,111,8,,,,,,,,,,
B-25895,Furniture,Bookcases,COD,Delhi,Furniture,Delhi,388,93,2,,,,,,,,,,
B-26003,Clothing,Saree,UPI,Kolkata,Clothing,Kolkata,498,-116,4,,,,,,,,,,
B-25717,Clothing,Saree,Credit Card,Delhi,Clothing,Delhi,561,212,3,,,,,,,,,,
B-26064,Clothing,Hankerchief,COD,Bangalore,Clothing,Bangalore,61,3,4,,,,,,,,,,
B-25630,Clothing,T-shirt,COD,Indore,Clothing,Indore,34,-22,4,,,,,,,,,,
B-26050,Clothing,Shirt,UPI,Pune,Clothing,Pune,32,6,3,,,,,,,,,,
B-25786,Furniture,Tables,UPI,Ahmedabad,Furniture,Ahmedabad,623,-192,3,,,,,,,,,,
B-26035,Electronics,Phones,Credit Card,Mumbai,Electronics,Mumbai,520,151,3,,,,,,,,,,
B-25693,Clothing,Saree,UPI,Lucknow,Clothing,Lucknow,32,-16,6,,,,,,,,,,
B-25703,Clothing,Hankerchief,UPI,Amritsar,Clothing,Amritsar,32,-5,5,,,,,,,,,,
B-25966,Electronics,Electronic Games,EMI,Amritsar,Electronics,Amritsar,510,234,6,,,,,,,,,,
B-26060,Clothing,Saree,COD,Gangtok,Clothing,Gangtok,382,68,3,,,,,,,,,,
B-25898,Clothing,Leggings,UPI,Delhi,Clothing,Delhi,33,13,3,,,,,,,,,,
B-25686,Clothing,Saree,COD,Indore,Clothing,Indore,381,-13,2,,,,,,,,,,
B-26051,Electronics,Accessories,EMI,Mumbai,Electronics,Mumbai,490,88,2,,,,,,,,,,
B-25854,Clothing,Saree,COD,Chandigarh,Clothing,Chandigarh,381,144,2,,,,,,,,,,
B-26050,Electronics,Phones,EMI,Indore,Electronics,Indore,487,143,4,,,,,,,,,,
B-25961,Furniture,Bookcases,COD,Mumbai,Furniture,Mumbai,366,84,3,,,,,,,,,,
B-25701,Clothing,Shirt,UPI,Goa,Clothing,Goa,33,-29,3,,,,,,,,,,
B-25970,Electronics,Phones,COD,Thiruvananthapuram,Electronics,Thiruvananthapuram,365,107,3,,,,,,,,,,
B-25933,Clothing,Saree,UPI,Prayagraj,Clothing,Prayagraj,207,-100,2,,,,,,,,,,
B-26081,Furniture,Bookcases,COD,Bangalore,Furniture,Bangalore,359,-338,5,,,,,,,,,,
B-25650,Electronics,Phones,COD,Indore,Electronics,Indore,351,-47,8,,,,,,,,,,
B-25850,Clothing,Saree,EMI,Indore,Clothing,Indore,485,199,4,,,,,,,,,,
B-25643,Clothing,Shirt,UPI,Kohima,Clothing,Kohima,37,-23,4,,,,,,,,,,
B-26100,Clothing,T-shirt,Debit Card,Gangtok,Clothing,Gangtok,34,10,2,,,,,,,,,,
B-25964,Furniture,Chairs,COD,Indore,Furniture,Indore,346,108,3,,,,,,,,,,
B-25676,Electronics,Electronic Games,COD,Kashmir,Electronics,Kashmir,342,-103,4,,,,,,,,,,
B-25628,Furniture,Furnishings,Debit Card,Jaipur,Furniture,Jaipur,35,-8,2,,,,,,,,,,
B-25891,Clothing,Stole,UPI,Jaipur,Clothing,Jaipur,121,41,4,,,,,,,,,,
B-25903,Electronics,Phones,COD,Lucknow,Electronics,Lucknow,336,57,2,,,,,,,,,,
B-25851,Furniture,Bookcases,COD,Chandigarh,Furniture,Chandigarh,336,71,3,,,,,,,,,,
B-26089,Clothing,Hankerchief,COD,Patna,Clothing,Patna,27,4,1,,,,,,,,,,
B-25996,Electronics,Phones,COD,Amritsar,Electronics,Amritsar,333,50,2,,,,,,,,,,
B-25881,Clothing,Leggings,Debit Card,Thiruvananthapuram,Clothing,Thiruvananthapuram,36,7,3,,,,,,,,,,
B-25621,Electronics,Phones,COD,Goa,Electronics,Goa,333,-15,3,,,,,,,,,,
B-25727,Clothing,Trousers,COD,Chennai,Clothing,Chennai,327,114,4,,,,,,,,,,
B-25843,Clothing,Hankerchief,UPI,Ahmedabad,Clothing,Ahmedabad,18,6,3,,,,,,,,,,
B-26050,Clothing,T-shirt,COD,Lucknow,Clothing,Lucknow,325,32,7,,,,,,,,,,
B-25741,Electronics,Electronic Games,EMI,Indore,Electronics,Indore,482,-6,7,,,,,,,,,,
B-25756,Electronics,Phones,EMI,Delhi,Electronics,Delhi,465,-33,4,,,,,,,,,,
B-25787,Clothing,Shirt,COD,Pune,Clothing,Pune,40,-12,3,,,,,,,,,,
B-25603,Clothing,Stole,COD,Jaipur,Clothing,Jaipur,107,36,6,,,,,,,,,,
B-25655,Furniture,Chairs,COD,Amritsar,Furniture,Amritsar,312,-312,7,,,,,,,,,,
B-26096,Electronics,Phones,EMI,Jaipur,Electronics,Jaipur,451,25,3,,,,,,,,,,
B-25962,Electronics,Electronic Games,COD,Chandigarh,Electronics,Chandigarh,312,62,1,,,,,,,,,,
B-26007,Furniture,Bookcases,COD,Thiruvananthapuram,Furniture,Thiruvananthapuram,311,72,2,,,,,,,,,,
B-26088,Clothing,Hankerchief,UPI,Indore,Clothing,Indore,11,5,2,,,,,,,,,,
B-25673,Clothing,T-shirt,Debit Card,Indore,Clothing,Indore,37,-5,3,,,,,,,,,,
B-25664,Electronics,Phones,EMI,Gangtok,Electronics,Gangtok,444,-200,4,,,,,,,,,,
B-25642,Clothing,Shirt,Credit Card,Surat,Clothing,Surat,434,26,11,,,,,,,,,,
B-25987,Clothing,Stole,COD,Delhi,Clothing,Delhi,299,0,6,,,,,,,,,,
B-25903,Clothing,Hankerchief,Debit Card,Kohima,Clothing,Kohima,37,17,3,,,,,,,,,,
B-25770,Furniture,Bookcases,COD,Simla,Furniture,Simla,299,113,2,,,,,,,,,,
B-25840,Furniture,Bookcases,COD,Chandigarh,Furniture,Chandigarh,298,74,2,,,,,,,,,,
B-25846,Clothing,Leggings,UPI,Kolkata,Clothing,Kolkata,94,7,7,,,,,,,,,,
B-25745,Clothing,Saree,COD,Hyderabad,Clothing,Hyderabad,296,225,11,,,,,,,,,,
B-26073,Clothing,Hankerchief,Debit Card,Indore,Clothing,Indore,37,17,3,,,,,,,,,,
B-26030,Electronics,Printers,COD,Amritsar,Electronics,Amritsar,291,93,2,,,,,,,,,,
B-25678,Electronics,Phones,COD,Pune,Electronics,Pune,327,-39,1,,,,,,,,,,
B-26035,Clothing,Saree,COD,Indore,Clothing,Indore,291,119,11,,,,,,,,,,
B-25896,Clothing,Kurti,COD,Simla,Clothing,Simla,287,-66,6,,,,,,,,,,
B-25989,Electronics,Accessories,UPI,Jaipur,Electronics,Jaipur,42,15,1,,,,,,,,,,
B-26016,Electronics,Electronic Games,Credit Card,Thiruvananthapuram,Electronics,Thiruvananthapuram,429,61,3,,,,,,,,,,
B-26009,Electronics,Printers,COD,Jaipur,Electronics,Jaipur,285,128,2,,,,,,,,,,
B-25915,Electronics,Electronic Games,COD,Thiruvananthapuram,Electronics,Thiruvananthapuram,277,3,1,,,,,,,,,,
B-25845,Electronics,Phones,COD,Surat,Electronics,Surat,274,-7,4,,,,,,,,,,
B-25645,Electronics,Phones,COD,Kolkata,Electronics,Kolkata,273,-87,4,,,,,,,,,,
B-25803,Electronics,Electronic Games,COD,Kolkata,Electronics,Kolkata,269,91,1,,,,,,,,,,
B-26030,Clothing,Skirt,COD,Hyderabad,Clothing,Hyderabad,11,5,1,,,,,,,,,,
B-25955,Clothing,Saree,Debit Card,Jaipur,Clothing,Jaipur,39,2,2,,,,,,,,,,
B-26096,Clothing,Trousers,COD,Indore,Clothing,Indore,264,-26,3,,,,,,,,,,
B-25635,Clothing,Hankerchief,Debit Card,Ahmedabad,Clothing,Ahmedabad,40,16,3,,,,,,,,,,
B-26038,Clothing,T-shirt,Debit Card,Gangtok,Clothing,Gangtok,41,19,2,,,,,,,,,,
B-25791,Clothing,Saree,UPI,Thiruvananthapuram,Clothing,Thiruvananthapuram,253,-63,2,,,,,,,,,,
B-26014,Furniture,Chairs,Credit Card,Delhi,Furniture,Delhi,406,97,7,,,,,,,,,,
B-25751,Clothing,Hankerchief,COD,,Clothing,Pune,32,7,3,,,,,,,,,,
B-25962,Electronics,Printers,COD,Bhopal,Electronics,Bhopal,260,68,2,,,,,,,,,,
B-26025,Clothing,Hankerchief,Debit Card,Mumbai,Clothing,Mumbai,41,19,5,,,,,,,,,,
B-26048,Furniture,Chairs,Credit Card,Delhi,Furniture,Delhi,401,13,6,,,,,,,,,,
B-25635,Clothing,Saree,Credit Card,Lucknow,Clothing,Lucknow,382,30,3,,,,,,,,,,
B-25981,Electronics,Phones,COD,Kolkata,Electronics,Kolkata,867,251,5,,,,,,,,,,
B-25610,Clothing,Saree,Debit Card,Bangalore,Clothing,Bangalore,43,0,3,,,,,,,,,,
B-25733,Clothing,Stole,Debit Card,Surat,Clothing,Surat,43,-43,7,,,,,,,,,,
B-25977,Clothing,Stole,COD,Hyderabad,Clothing,Hyderabad,74,29,3,,,,,,,,,,
B-25655,Clothing,Hankerchief,Debit Card,Indore,Clothing,Indore,44,-26,3,,,,,,,,,,
B-25612,Furniture,Chairs,COD,Patna,Furniture,Patna,259,-55,2,,,,,,,,,,
B-25608,Clothing,Hankerchief,COD,Kohima,Clothing,Kohima,257,23,5,,,,,,,,,,
B-25752,Clothing,Stole,COD,Chandigarh,Clothing,Chandigarh,76,27,5,,,,,,,,,,
B-25700,Clothing,Stole,Debit Card,Ahmedabad,Clothing,Ahmedabad,44,-32,3,,,,,,,,,,
B-25856,Clothing,Saree,COD,Indore,Clothing,Indore,257,3,2,,,,,,,,,,
B-26026,Clothing,Hankerchief,COD,Udaipur,Clothing,Udaipur,255,76,9,,,,,,,,,,
B-25861,Clothing,Hankerchief,Debit Card,Bhopal,Clothing,Bhopal,44,14,3,,,,,,,,,,
B-25673,Clothing,Shirt,COD,Udaipur,Clothing,Udaipur,45,-2,4,,,,,,,,,,
B-25681,Clothing,Saree,Debit Card,Goa,Clothing,Goa,44,-3,1,,,,,,,,,,
B-26051,Clothing,Saree,Credit Card,Hyderabad,Clothing,Hyderabad,382,119,2,,,,,,,,,,
B-25951,Clothing,Trousers,COD,Mumbai,Clothing,Mumbai,250,100,3,,,,,,,,,,
B-25799,Furniture,Chairs,COD,Chandigarh,Furniture,Chandigarh,45,-15,2,,,,,,,,,,
B-26053,Furniture,Bookcases,COD,Kolkata,Furniture,Kolkata,246,61,2,,,,,,,,,,
B-26030,Clothing,Stole,COD,Chandigarh,Clothing,Chandigarh,50,25,5,,,,,,,,,,
B-26054,Clothing,Hankerchief,COD,Patna,Clothing,Patna,246,98,5,,,,,,,,,,
B-25696,Clothing,Kurti,Debit Card,Mumbai,Clothing,Mumbai,44,99,3,,,,,,,,,,
B-25660,Clothing,Saree,COD,Kolkata,Clothing,Kolkata,245,-78,3,,,,,,,,,,
B-25858,Clothing,Saree,COD,Mumbai,Clothing,Mumbai,245,30,2,,,,,,,,,,
B-26045,Clothing,Stole,Credit Card,Mumbai,Clothing,Mumbai,,0,7,,,,,,,,,,
B-25850,Clothing,T-shirt,Debit Card,Kolkata,Clothing,Kolkata,45,1,3,,,,,,,,,,
B-25781,Clothing,Stole,Debit Card,Udaipur,Clothing,Udaipur,45,-28,2,,,,,,,,,,
B-25918,Furniture,Furnishings,COD,Simla,Furniture,Simla,244,-122,5,,,,,,,,,,
B-25971,Furniture,Bookcases,COD,Pune,Furniture,Pune,244,83,2,,,,,,,,,,
B-25870,Clothing,Kurti,UPI,Patna,Clothing,Patna,10,4,1,,,,,,,,,,
B-25770,Furniture,Bookcases,Credit Card,Thiruvananthapuram,Furniture,Thiruvananthapuram,375,180,3,,,,,,,,,,
B-25757,Clothing,Skirt,Debit Card,Mumbai,Clothing,Mumbai,46,14,5,,,,,,,,,,
B-25699,Clothing,Stole,UPI,Amritsar,Clothing,Amritsar,49,-31,2,,,,,,,,,,
B-25776,Clothing,Kurti,Debit Card,Indore,Clothing,Indore,47,-20,2,,,,,,,,,,
B-25893,Clothing,Stole,Credit Card,Jaipur,Clothing,Jaipur,355,-114,7,,,,,,,,,,
B-25985,Clothing,Hankerchief,UPI,Surat,Clothing,Surat,32,8,5,,,,,,,,,,
B-25681,Furniture,Chairs,COD,Surat,Furniture,Surat,243,-14,2,,,,,,,,,,
B-26063,Electronics,Electronic Games,COD,Indore,Electronics,Indore,241,-77,4,,,,,,,,,,
B-26032,Clothing,Saree,Debit Card,Goa,Clothing,Goa,47,15,5,,,,,,,,,,
B-26001,Clothing,Skirt,Debit Card,Udaipur,Clothing,Udaipur,50,-10,6,,,,,,,,,,
B-26056,Clothing,Hankerchief,COD,Mumbai,Clothing,Mumbai,15,6,2,,,,,,,,,,
B-25850,Clothing,Stole,COD,Chennai,Clothing,Chennai,148,24,3,,,,,,,,,,
B-25767,Electronics,Electronic Games,UPI,Kashmir,Electronics,Kashmir,299,-28,3,,,,,,,,,,
B-25693,Electronics,Phones,UPI,Lucknow,Electronics,Lucknow,68,-30,1,,,,,,,,,,
B-25850,Clothing,Leggings,Debit Card,Indore,Clothing,Indore,52,18,5,,,,,,,,,,
B-25796,Furniture,Chairs,COD,Udaipur,Furniture,Udaipur,239,-162,5,,,,,,,,,,
B-26053,Clothing,Skirt,COD,Indore,Clothing,Indore,27,6,3,,,,,,,,,,
B-25650,Clothing,Saree,COD,Delhi,Clothing,Delhi,238,20,2,,,,,,,,,,
B-25961,Clothing,Shirt,COD,Delhi,Clothing,Delhi,48,16,3,,,,,,,,,,
B-26023,Clothing,Stole,UPI,Indore,Clothing,Indore,66,22,3,,,,,,,,,,
B-25809,Clothing,Hankerchief,Debit Card,Bhopal,Clothing,Bhopal,53,24,1,,,,,,,,,,
B-25621,Electronics,Electronic Games,COD,Mumbai,Electronics,,233,-10,5,,,,,,,,,,
B-25854,Clothing,Saree,Debit Card,Mumbai,Clothing,Mumbai,53,-2,3,,,,,,,,,,
B-26057,Clothing,T-shirt,Debit Card,Bhopal,Clothing,Bhopal,54,8,4,,,,,,,,,,
B-25688,Clothing,Saree,Credit Card,Prayagraj,Clothing,Prayagraj,352,-345,5,,,,,,,,,,
B-25885,Clothing,Stole,Credit Card,Lucknow,Clothing,Lucknow,349,0,7,,,,,,,,,,
B-25753,Clothing,Trousers,Credit Card,Lucknow,Clothing,Lucknow,341,-85,6,,,,,,,,,,
B-25981,Clothing,Saree,Debit Card,Indore,Clothing,Indore,54,12,3,,,,,,,,,,
B-26055,Clothing,Shirt,UPI,Ahmedabad,Clothing,Ahmedabad,57,7,2,,,,,,,,,,
B-25714,Clothing,Shirt,Credit Card,Lucknow,Clothing,Lucknow,340,20,7,,,,,,,,,,
B-26055,Clothing,Stole,COD,Indore,Clothing,Indore,227,48,5,,,,,,,,,,
B-25989,Furniture,Bookcases,Credit Card,Chandigarh,Furniture,Chandigarh,330,81,1,,,,,,,,,,
B-25710,Furniture,Furnishings,UPI,Ahmedabad,Furniture,Ahmedabad,216,-38,6,,,,,,,,,,
B-25773,Furniture,Chairs,COD,Chandigarh,Furniture,Chandigarh,224,-143,3,,,,,,,,,,
B-25661,Furniture,Chairs,Debit Card,Bangalore,Furniture,Bangalore,55,-33,2,,,,,,,,,,
B-26021,Clothing,Stole,UPI,Pune,Clothing,Pune,49,21,1,,,,,,,,,,
B-26057,Clothing,Trousers,COD,Kolkata,Clothing,Kolkata,224,87,3,,,,,,,,,,
B-25858,Furniture,Bookcases,COD,Indore,Furniture,Indore,223,27,2,,,,,,,,,,
B-25857,Electronics,Accessories,Credit Card,Kohima,Electronics,Kohima,324,39,8,,,,,,,,,,
B-25656,Clothing,Hankerchief,Debit Card,Pune,Clothing,Pune,56,18,2,,,,,,,,,,
B-25999,Clothing,Shirt,COD,Indore,Clothing,Indore,223,62,7,,,,,,,,,,
B-25856,Clothing,Skirt,COD,Thiruvananthapuram,Clothing,Thiruvananthapuram,10,2,2,,,,,,,,,,
B-25926,Clothing,Leggings,Debit Card,Surat,Clothing,Surat,57,6,5,,,,,,,,,,
B-25728,Clothing,Saree,Credit Card,Kohima,Clothing,Kohima,322,-113,4,,,,,,,,,,
B-26076,Clothing,Saree,COD,Delhi,Clothing,Delhi,219,4,2,,,,,,,,,,
B-25913,Clothing,Stole,UPI,Delhi,Clothing,Delhi,103,21,7,,,,,,,,,,
B-25703,Clothing,Saree,COD,Kashmir,Clothing,Kashmir,47,-27,4,,,,,,,,,,
B-25858,Clothing,Saree,COD,Mumbai,Clothing,Mumbai,219,0,1,,,,,,,,,,
B-25727,Clothing,Leggings,Debit Card,Mumbai,Clothing,Mumbai,57,-48,6,,,,,,,,,,
B-26020,Electronics,Accessories,Credit Card,Mumbai,Electronics,Mumbai,319,102,6,,,,,,,,,,
B-26003,Furniture,Chairs,Credit Card,Kolkata,Furniture,Kolkata,315,-8,3,,,,,,,,,,
B-25925,Electronics,Electronic Games,Credit Card,Mumbai,Electronics,Mumbai,314,-41,3,,,,,,,,,,
B-26087,Electronics,Electronic Games,EMI,,Electronics,Indore,311,40,1,,,,,,,,,,
B-25810,Electronics,Accessories,EMI,Mumbai,Electronics,Mumbai,307,74,3,,,,,,,,,,
B-25858,Electronics,Accessories,EMI,Indore,Electronics,Indore,294,109,7,,,,,,,,,,
B-25861,Electronics,Electronic Games,COD,Delhi,Electronics,Delhi,216,-83,3,,,,,,,,,,
B-25661,Furniture,Chairs,Debit Card,Gangtok,Furniture,Gangtok,58,-42,2,,,,,,,,,,
B-25943,Clothing,Stole,UPI,Bhopal,Clothing,Bhopal,48,20,4,,,,,,,,,,
B-25955,Clothing,T-shirt,UPI,Bhopal,Clothing,Bhopal,54,14,3,,,,,,,,,,
B-26051,Clothing,Stole,COD,Indore,Clothing,Indore,216,50,4,,,,,,,,,,
B-25999,Clothing,Saree,COD,Jaipur,Clothing,Jaipur,215,-30,2,,,,,,,,,,
B-26083,Clothing,Leggings,COD,Chandigarh,Clothing,Chandigarh,43,8,3,,,,,,,,,,
B-25950,Clothing,Saree,COD,Simla,Clothing,Simla,136,-33,5,,,,,,,,,,
B-25625,Clothing,Leggings,Debit Card,Chennai,Clothing,Chennai,59,-30,3,,,,,,,,,,
B-26055,Clothing,Shirt,COD,Mumbai,Clothing,Mumbai,213,4,14,,,,,,,,,,
B-26023,Clothing,Stole,Debit Card,Ahmedabad,Clothing,Ahmedabad,59,21,2,,,,,,,,,,
B-26010,Clothing,T-shirt,COD,Mumbai,Clothing,Mumbai,55,3,3,,,,,,,,,,
B-25955,Clothing,T-shirt,EMI,Indore,Clothing,Indore,294,62,9,,,,,,,,,,
B-25900,Electronics,Phones,COD,Indore,Electronics,Indore,210,62,2,,,,,,,,,,
B-26089,Clothing,Kurti,Debit Card,Ahmedabad,Clothing,Ahmedabad,59,24,6,,,,,,,,,,
B-25655,Clothing,Saree,COD,Indore,Clothing,Indore,396,-31,9,,,,,,,,,,
B-25979,Furniture,Bookcases,EMI,Goa,Furniture,Goa,284,45,2,,,,,,,,,,
B-26002,,Saree,EMI,Indore,Clothing,Indore,276,52,5,,,,,,,,,,
B-25635,Clothing,Skirt,UPI,Kolkata,Clothing,Kolkata,23,2,2,,,,,,,,,,
B-26084,Electronics,Electronic Games,COD,Kohima,Electronics,Kohima,209,-63,4,,,,,,,,,,
B-25998,Furniture,Furnishings,COD,Mumbai,Furniture,Mumbai,50,-28,5,,,,,,,,,,
B-25872,Clothing,Shirt,COD,Surat,Clothing,Surat,57,27,2,,,,,,,,,,
B-25795,Electronics,Phones,EMI,Simla,Electronics,Simla,276,-21,2,,,,,,,,,,
B-25902,Furniture,Bookcases,UPI,Kashmir,Furniture,Kashmir,268,6,2,,,,,,,,,,
B-25650,Clothing,Trousers,EMI,Chandigarh,Clothing,Chandigarh,269,111,3,,,,,,,,,,
B-25957,Clothing,Saree,COD,Udaipur,Clothing,Udaipur,209,2,1,,,,,,,,,,
B-25793,Clothing,Hankerchief,Debit Card,Goa,Clothing,Goa,60,-12,4,,,,,,,,,,
B-25654,Electronics,Electronic Games,EMI,Simla,Electronics,Simla,269,-86,2,,,,,,,,,,
B-25750,Clothing,Saree,COD,Mumbai,Clothing,Mumbai,208,-25,2,,,,,,,,,,
B-25835,Clothing,Leggings,UPI,Jaipur,Clothing,Jaipur,27,2,2,,,,,,,,,,
B-25652,Clothing,Saree,COD,Indore,Clothing,Indore,206,-206,3,,,,,,,,,,
B-26018,Clothing,Hankerchief,Debit Card,Patna,Clothing,Patna,61,8,4,,,,,,,,,,
B-25750,Furniture,Chairs,COD,Mumbai,Furniture,Mumbai,212,-24,2,,,,,,,,,,
B-25840,Clothing,Saree,EMI,Thiruvananthapuram,Clothing,Thiruvananthapuram,262,64,6,,,,,,,,,,
B-25756,Furniture,Bookcases,COD,Patna,Furniture,Patna,204,276,3,,,,,,,,,,
B-25777,Clothing,T-shirt,UPI,Indore,Clothing,Indore,59,-46,7,,,,,,,,,,
B-25750,Clothing,Saree,COD,Bhopal,Clothing,Bhopal,199,-18,2,,,,,,,,,,
B-25823,Electronics,Accessories,UPI,Chandigarh,Electronics,Chandigarh,59,6,1,,,,,,,,,,
B-26096,Clothing,Leggings,UPI,Simla,Clothing,Simla,45,9,3,,,,,,,,,,
B-25757,Clothing,Stole,COD,Kohima,Clothing,Kohima,211,19,8,,,,,,,,,,
B-25698,Electronics,Phones,Debit Card,Bangalore,Electronics,Bangalore,65,-16,2,,,,,,,,,,
B-25710,Clothing,Skirt,UPI,Pune,Clothing,Pune,25,0,4,,,,,,,,,,
B-25994,Electronics,Phones,COD,Indore,Electronics,Indore,196,-7,5,,,,,,,,,,
B-25950,Clothing,Shirt,Credit Card,Mumbai,Clothing,Mumbai,261,13,6,,,,,,,,,,
B-25653,Electronics,Phones,COD,Indore,Electronics,Indore,195,-117,5,,,,,,,,,,
B-25785,Clothing,Saree,COD,Goa,Clothing,Goa,192,-146,3,,,,,,,,,,
B-25863,Clothing,Stole,COD,Mumbai,Clothing,Mumbai,189,87,7,,,,,,,,,,
B-25959,Clothing,Kurti,UPI,Chandigarh,Clothing,Chandigarh,32,2,2,,,,,,,,,,
B-25991,Clothing,Shirt,COD,Bhopal,Clothing,Bhopal,188,13,7,,,,,,,,,,
B-25680,Clothing,Saree,COD,Indore,Clothing,Indore,73,-25,3,,,,,,,,,,
B-25910,Clothing,Hankerchief,Credit Card,Bhopal,Clothing,Bhopal,259,47,5,,,,,,,,,,
B-25737,Clothing,Trousers,COD,Goa,Clothing,Goa,187,-15,3,,,,,,,,,,
B-25853,Clothing,Hankerchief,UPI,Chandigarh,645,Chandigarh,26,11,2,,,,,,,,,,
B-26097,Furniture,Chairs,COD,Jaipur,Furniture,Jaipur,185,-26,6,,,,,,,,,,
B-25875,Clothing,Saree,Credit Card,Hyderabad,Clothing,Hyderabad,248,8,2,,,,,,,,,,
B-26031,Clothing,Leggings,Debit Card,Bangalore,Clothing,Bangalore,67,9,4,,,,,,,,,,
B-25773,Furniture,Chairs,Credit Card,Mumbai,Furniture,Mumbai,248,-70,3,,,,,,,,,,
B-25840,Furniture,Bookcases,Credit Card,Kolkata,Furniture,Kolkata,246,61,2,,,,,,,,,,
B-25908,Clothing,Kurti,COD,Mumbai,Clothing,Mumbai,179,-25,5,,,,,,,,,,
B-26041,Furniture,Furnishings,COD,Udaipur,Furniture,Udaipur,176,-28,5,,,,,,,,,,
B-26010,Furniture,Furnishings,COD,Pune,Furniture,Pune,176,-13,5,,,,,,,,,,
B-25640,Clothing,Trousers,Debit Card,Ahmedabad,Clothing,Ahmedabad,68,-62,2,,,,,,,,,,
B-25794,Electronics,Accessories,COD,Kashmir,Electronics,Kashmir,176,37,6,,,,,,,,,,
B-25987,Clothing,Hankerchief,UPI,Patna,Clothing,Patna,88,11,7,,,,,,,,,,
B-25615,Clothing,Hankerchief,Debit Card,Kolkata,Clothing,Kolkata,68,20,5,,,,,,,,,,
B-25997,Electronics,Electronic Games,Credit Card,Gangtok,Electronics,Gangtok,231,99,2,,,,,,,,,,
B-25981,Clothing,T-shirt,UPI,Chandigarh,Clothing,Chandigarh,62,8,2,,,,,,,,,,
B-25791,Clothing,67676,COD,Simla,Clothing,Simla,175,77,3,,,,,,,,,,
B-25986,Clothing,Leggings,Debit Card,Bangalore,Clothing,Bangalore,71,4,5,,,,,,,,,,
B-25652,Electronics,Accessories,COD,Pune,Electronics,Pune,174,-70,3,,,,,,,,,,
B-25952,Furniture,Chairs,COD,Kolkata,Furniture,Kolkata,173,69,3,,,,,,,,,,
B-25898,Electronics,Electronic Games,COD,Bangalore,Electronics,Bangalore,171,2,2,,,,,,,,,,
B-25785,Clothing,Saree,COD,Hyderabad,Clothing,Hyderabad,268,-25,3,,,,,,,,,,
B-25990,Clothing,Saree,Debit Card,Jaipur,Clothing,Jaipur,71,32,3,,,,,,,,,,
B-26091,Clothing,Hankerchief,UPI,Delhi,Clothing,Delhi,29,10,4,,,,,,,,,,
B-25604,Clothing,T-shirt,UPI,Chennai,Clothing,Chennai,65,17,2,,,,,,,,,,
B-25754,Clothing,Kurti,Debit Card,Goa,Clothing,Goa,72,-46,7,,,,,,,,,,
B-25724,Furniture,Bookcases,COD,Gangtok,Furniture,Gangtok,168,-51,2,,,,,,,,,,
B-25757,Clothing,Stole,COD,Mumbai,Clothing,Mumbai,165,30,3,,,,,,,,,,
B-25767,Electronics,Accessories,Debit Card,Simla,Electronics,Simla,74,-59,2,,,,,,,,,,
B-25886,Clothing,Stole,UPI,Jaipur,Clothing,Jaipur,89,17,2,,,,,,,,,,
,,,,,,,,,,,,,,,,,,,
0,0,1,0,0,1,0,499,500,500,,,,,,,,,,
,,,,,,,,,,,,,,,,,,,
0,1,0,0,2,0,1,1,0,0,,,,,,,,,,
